Workbook

Sheet QMD
A1: AU | B1: Base CC QMD | C1: l15h5 CC QMD | D1: Change | E1: l20h0 CC QMD | F1: Change | V1: scenario_base | W1: scenario_l15h5 | X1: scenario_l20h0
A2: CWHvm_CW_HW_M | B2: 23.75 | C2: 24.68 | D2: 0.92 | E2: 25.01 | F2: 1.26 | H2: Across all four eligible AUs combined, area-weighted CC QMD was: | U2: Cw + Hw M | V2: 24.154111 | W2: 25.1112 | X2: 25.708923
A3: CWHvm_FDC_HW_L | B3: 24.62 | C3: 26.11 | D3: 1.49 | E3: 26.01 | F3: 1.39 | H3: – Base: 27.22 cm | U3: Fdc + Hw L | V3: 24.488667 | W3: 26.411556 | X3: 27.272923
A4: CWHvm_FDC_HW_M | B4: 28.39 | C4: 29.53 | D4: 1.14 | E4: 29.34 | F4: 0.95 | H4: – l15h5: 28.30 cm (+1.08 cm) | U4: Fdc + Hw M | V4: 28.090944 | W4: 29.928611 | X4: 29.6086
A5: CWHvm_FDC_HW_H | B5: 28.3 | C5: 29 | D5: 0.7 | E5: 29.86 | F5: 1.56 | H5: – l20h0: 28.77 cm (+1.55 cm) | U5: Fdc + Hw H | V5: 28.056222 | W5: 29.1536 | X5: 30.237

Sheet Log Grades Dist.
B1: % of Total
A2: Grade | B2: scenario_base | C2: scenario_l15h5 | D2: scenario_l20h0 | G2: So there is a slight shift toward better grades in the final CC harvest, but it is small. | N2: VOLUME | U2: scenario_base | V2: scenario_l15h5 | W2: scenario_l20h0
A3: I | B3: =N4/$N$9 -> 0.35717522 | C3: =O4/$O$9 -> 0.36573743 | D3: =P4/$P$9 -> 0.35215632 | N3: scenario_base | O3: scenario_l15h5 | P3: scenario_l20h0 | T3: Grade I | U3: 206158.73 | V3: 205062.76 | W3: 195391.15
A4: J | B4: =N5/$N$9 -> 0.4798903 | C4: =O5/$O$9 -> 0.48240012 | D4: =P5/$P$9 -> 0.49517725 | M4: Grade I | N4: 269252.64 | O4: 260753.18 | P4: 259229.78 | T4: Grade J | U4: 269645.38 | V4: 249333.89 | W4: 265466.96
A5: U | B5: =N6/$N$9 -> 0.11085652 | C5: =O6/$O$9 -> 0.1046355 | D5: =P6/$P$9 -> 0.10467591 | M5: Grade J | N5: 361760.07 | O5: 343928.06 | P5: 364510.53 | T5: Grade U | U5: 62651.778 | V5: 54281.383 | W5: 55675.569
A6: X | B6: =N7/$N$9 -> 0.02329166 | C6: =O7/$O$9 -> 0.02111394 | D6: =P7/$P$9 -> 0.022287698 | M6: Grade U | N6: 83567.979 | O6: 74600.073 | P6: 77054.169 | T6: Grade X | U6: 13071.175 | V6: 10706.239 | W6: 11553.461
A7: Y | B7: =N8/$N$9 -> 0.028786302 | C7: =O8/$O$9 -> 0.026113015 | D7: =P8/$P$9 -> 0.025702817 | M7: Grade X | N7: 17558.164 | O7: 15053.223 | P7: 16406.45 | T7: Grade Y | U7: 16490.729 | V7: 14087.177 | W7: 13672.845
M8: Grade Y | N8: 21700.24 | O8: 18617.323 | P8: 18920.392
M9: Total | N9: =SUM(N4:N8) -> 753839.1 | O9: =SUM(O4:O8) -> 712951.87 | P9: =SUM(P4:P8) -> 736121.32
A11: Grade | B11: scenario_base | C11: scenario_l15h5 | D11: scenario_l20h0
A12: I + J | B12: =SUM(B3:B4) -> 0.83706552 | C12: =SUM(C3:C4) -> 0.84813755 | D12: =SUM(D3:D4) -> 0.84733358
A13: U + X + Y | B13: =SUM(B5:B7) -> 0.16293448 | C13: =SUM(C5:C7) -> 0.15186245 | D13: =SUM(D5:D7) -> 0.15266642

Sheet Vol. per Ha
A1: Metric | B1: scenario_base | C1: scenario_l15h5 | D1: scenario_l20h0
A2: CC Volume | B2: 1060135.7 | C2: 1089409.7 | D2: 1111435.4 | F2: <- this is total cc volume NOT total CC log grade volume
A3: CT Volume | C3: 30057.56 | D3: 45339.47
A4: CC Area | B4: 1243.829 | C4: 1173.68 | D4: 1175.821
A5: CT Area | C5: 640.713 | D5: 620.846 | F5: <- this shows an avg of 2.1 ha per year
A6: CC Volume/ha | B6: =B2/B4 -> 852.31626 | C6: =C2/C4 -> 928.19996 | D6: =D2/D4 -> 945.24197
A7: CT Volume/ha | C7: =C3/C5 -> 46.912674 | D7: =D3/D5 -> 73.028529
B10: scenario_base | C10: scenario_l15h5 | D10: scenario_l20h0
A11: I + J Log Grade Volume | B11: 631012.72 | C11: 604681.25 | D11: 623740.31
A12: Total CC Area | B12: 1243.829 | C12: 1173.68 | D12: 1175.821
A13: I + J Volume/ha | B13: 507.31 | C13: 515.2 | D13: 530.47
A14: Change from base | B14: — | C14: 7.89 | D14: 23.15

Sheet Log Value
B1: scenario_base | C1: scenario_l15h5 | D1: scenario_l20h0
A2: Total CC revenue | B2: 1.6691598e+08 | C2: 1.7054175e+08 | D2: 1.7225646e+08
A3: Total CC area | B3: 1243.829 | C3: 1173.68 | D3: 1175.821
A4: CC revenue/ha | B4: =B2/B3 -> 134195.28 | C4: =C2/C3 -> 145305.15 | D4: =D2/D3 -> 146498.88
A6: Total CT revenue | C6: 3040707.2 | D6: 4621824.9
A7: Total CT area | C7: 640.713 | D7: 620.846
A8: CT revenue/ha | C8: =C6/C7 -> 4745.8179 | D8: =D6/D7 -> 7444.3983
A12: CC revenue/m3 | B12: =B2/'Vol. per Ha'!B2 -> 157.44775 | C12: =C2/'Vol. per Ha'!C2 -> 156.5451 | D12: =D2/'Vol. per Ha'!D2 -> 154.98559
A13: CT revenue/m3 | C13: =C6/'Vol. per Ha'!C3 -> 101.16281 | D13: =D6/'Vol. per Ha'!D3 -> 101.93822
B19: Example log prices
B20: FDC market prices | C20: HW market prices
B21: H: ~$480–$500/m³ | C21: H: ~$170–$280/m³
B22: – I: ~$420–$460/m³ | C22: – I: ~$145–$180/m³
B23: – J: ~$180–$220/m³ | C23: – J: ~$75–$110/m³
